"Source:","/Users/k/Dropbox/MyProjects/136_OneButton_XIAO_RP2040_circuitpython/PCB/SKB/SKB.kicad_sch"
"Date:","Tuesday, 16 August 2022 at 18:07:27"
"Tool:","Eeschema (6.0.4-0)"
"Generator:","/Applications/KiCad/KiCad.app/Contents/SharedSupport/plugins/bom_csv_grouped_by_value_with_fp.py"
"Component Count:","12"
"Ref","Qnty","Value","Cmp name","Footprint","Description","Vendor"
"H1, H2, H3, H4, ","4","MountingHole","MountingHole","MountingHole:MountingHole_2.2mm_M2","Mounting Hole without connection",""
"J1, ","1","AudioJack4","AudioJack4","keyboard:MJ-4PP-9_1side","Audio Jack, 4 Poles (TRRS)",""
"J2, ","1","Conn_01x04_Female","Conn_01x04_Female","Connector_JST:JST_SH_SM04B-SRSS-TB_1x04-1MP_P1.00mm_Horizontal","Generic connector, single row, 01x04, script generated (kicad-library-utils/schlib/autogen/connector/)",""
"SW1, SW3, SW4, SW5, ","4","SW_Push","SW_Push","footprint:CherryMX_MidHeight_Choc_Hotswap_rev5","Push button switch, generic, two pins",""
"SW2, ","1","SW_Push","SW_Push","footprint:ResetSW","Push button switch, generic, two pins",""
"U1, ","1","SeeeduinoXIAO","SeeeduinoXIAO","Seeeduino XIAO KICAD:Seeeduino XIAO-MOUDLE14P-2.54-21X17.8MM","",""
